<ImportExportXml xmlns:xsi="http://www.w3.org/2001/XMLSchema-instance">
  <Entities></Entities>
  <Roles></Roles>
  <Workflows></Workflows>
  <FieldSecurityProfiles></FieldSecurityProfiles>
  <Templates />
  <EntityMaps />
  <EntityRelationships />
  <OrganizationSettings />
  <optionsets />
  <Dashboards>
    <Dashboard>
      <LocalizedNames>
        <LocalizedName description="Gaming Dashboard" languagecode="1033" />
      </LocalizedNames>
      <FormId>{6e5c3f01-af64-e811-a95b-000d3a33e0b1}</FormId>
      <IsCustomizable>1</IsCustomizable>
      <IsDefault>0</IsDefault>
      <FormXml>
        <forms type="dashboard">
          <form>
            <tabs>
              <tab showlabel="false" verticallayout="true" id="{53fb06f4-8375-48c6-a93a-5f6e848ac39d}">
                <labels>
                  <label description="Tab" languagecode="1033" />
                </labels>
                <columns>
                  <column width="100%">
                    <sections>
                      <section showlabel="false" showbar="false" columns="111" id="{272b3047-5a85-4959-a1b3-589f37893c6b}">
                        <labels>
                          <label description="Section" languagecode="1033" />
                        </labels>
                        <rows>
                          <row>
                            <cell colspan="1" rowspan="9" showlabel="false" id="{7df34152-224c-4050-a8ab-0bc55bd5661c}">
                              <labels>
                                <label description="Componentc33265e" languagecode="1033" />
                              </labels>
                              <control id="WebResource_Componentc33265e" classid="{9FDF5F91-88B1-47f4-AD53-C11EFC01A01D}">
                                <parameters>
                                  <Url>sav_/ws/Clock.html</Url>
                                  <PassParameters>false</PassParameters>
                                  <ShowOnMobileClient>false</ShowOnMobileClient>
                                  <Security>false</Security>
                                  <Scrolling>auto</Scrolling>
                                  <Border>true</Border>
                                  <WebResourceId>{783D92E2-9664-E811-A95B-000D3A33E0B1}</WebResourceId>
                                </parameters>
                              </control>
                            </cell>
                            <cell colspan="2" rowspan="12" showlabel="false" id="{a7ef45fe-7dfc-42bf-bfb9-59903c49304b}">
                              <labels>
                                <label description="Component35e05b1" languagecode="1033" />
                              </labels>
                              <control id="WebResource_Component35e05b1" classid="{9FDF5F91-88B1-47f4-AD53-C11EFC01A01D}">
                                <parameters>
                                  <Url>sav_/ws/MovingSquareGame.html</Url>
                                  <PassParameters>false</PassParameters>
                                  <ShowOnMobileClient>false</ShowOnMobileClient>
                                  <Security>false</Security>
                                  <Scrolling>auto</Scrolling>
                                  <Border>true</Border>
                                  <WebResourceId>{3F3D7EFE-9664-E811-A95B-000D3A33E0B1}</WebResourceId>
                                </parameters>
                              </control>
                            </cell>
                          </row>
                          <row />
                          <row />
                          <row />
                          <row />
                          <row />
                          <row />
                          <row />
                          <row />
                          <row>
                            <cell id="{a30430d7-3247-b9d4-29ae-6432e46929e8}" showlabel="false">
                              <labels>
                                <label description="" languagecode="1033" />
                              </labels>
                            </cell>
                          </row>
                          <row>
                            <cell id="{a43ea669-e2dc-0ce4-3c4e-d3bd41b7d90b}" showlabel="false">
                              <labels>
                                <label description="" languagecode="1033" />
                              </labels>
                            </cell>
                          </row>
                          <row>
                            <cell id="{0927835c-61b1-2dc1-b6e5-db9917e33149}" showlabel="false">
                              <labels>
                                <label description="" languagecode="1033" />
                              </labels>
                            </cell>
                          </row>
                        </rows>
                      </section>
                    </sections>
                  </column>
                </columns>
              </tab>
            </tabs>
            <DisplayConditions>
              <Everyone />
            </DisplayConditions>
          </form>
        </forms>
      </FormXml>
      <IntroducedVersion>1.0.0.0</IntroducedVersion>
      <IsTabletEnabled>0</IsTabletEnabled>
    </Dashboard>
  </Dashboards>
  <WebResources>
    <WebResource>
      <WebResourceId>{783d92e2-9664-e811-a95b-000d3a33e0b1}</WebResourceId>
      <Name>sav_/ws/Clock.html</Name>
      <DisplayName>/ws/Clock.html</DisplayName>
      <WebResourceType>1</WebResourceType>
      <IntroducedVersion>1.0.0.0</IntroducedVersion>
      <IsEnabledForMobileClient>0</IsEnabledForMobileClient>
      <IsAvailableForMobileOffline>0</IsAvailableForMobileOffline>
      <DependencyXml>&lt;Dependencies&gt;&lt;Dependency componentType="WebResource"/&gt;&lt;/Dependencies&gt;</DependencyXml>
      <IsCustomizable>1</IsCustomizable>
      <CanBeDeleted>1</CanBeDeleted>
      <IsHidden>0</IsHidden>
      <FileName>/WebResources/sav_wsClockhtml783D92E2-9664-E811-A95B-000D3A33E0B1</FileName>
    </WebResource>
    <WebResource>
      <WebResourceId>{3f3d7efe-9664-e811-a95b-000d3a33e0b1}</WebResourceId>
      <Name>sav_/ws/MovingSquareGame.html</Name>
      <DisplayName>/ws/MovingSquareGame.html</DisplayName>
      <WebResourceType>1</WebResourceType>
      <IntroducedVersion>1.0.0.0</IntroducedVersion>
      <IsEnabledForMobileClient>0</IsEnabledForMobileClient>
      <IsAvailableForMobileOffline>0</IsAvailableForMobileOffline>
      <DependencyXml>&lt;Dependencies&gt;&lt;Dependency componentType="WebResource"/&gt;&lt;/Dependencies&gt;</DependencyXml>
      <IsCustomizable>1</IsCustomizable>
      <CanBeDeleted>1</CanBeDeleted>
      <IsHidden>0</IsHidden>
      <FileName>/WebResources/sav_wsMovingSquareGamehtml3F3D7EFE-9664-E811-A95B-000D3A33E0B1</FileName>
    </WebResource>
    <WebResource>
      <WebResourceId>{1fe158fd-9a64-e811-a95b-000d3a33e0b1}</WebResourceId>
      <Name>sav_/scripts/Clock.js</Name>
      <DisplayName>/scripts/Clock.js</DisplayName>
      <WebResourceType>3</WebResourceType>
      <IntroducedVersion>1.0.0.0</IntroducedVersion>
      <IsEnabledForMobileClient>0</IsEnabledForMobileClient>
      <IsAvailableForMobileOffline>0</IsAvailableForMobileOffline>
      <DependencyXml>&lt;Dependencies&gt;&lt;Dependency componentType="WebResource"/&gt;&lt;/Dependencies&gt;</DependencyXml>
      <IsCustomizable>1</IsCustomizable>
      <CanBeDeleted>1</CanBeDeleted>
      <IsHidden>0</IsHidden>
      <FileName>/WebResources/sav_scriptsClockjs1FE158FD-9A64-E811-A95B-000D3A33E0B1</FileName>
    </WebResource>
    <WebResource>
      <WebResourceId>{af3cfd57-a064-e811-a95b-000d3a33e0b1}</WebResourceId>
      <Name>sav_/scripts/MovingSquareGame.js</Name>
      <DisplayName>/scripts/MovingSquareGame.js</DisplayName>
      <WebResourceType>3</WebResourceType>
      <IntroducedVersion>1.0.0.0</IntroducedVersion>
      <IsEnabledForMobileClient>0</IsEnabledForMobileClient>
      <IsAvailableForMobileOffline>0</IsAvailableForMobileOffline>
      <DependencyXml>&lt;Dependencies&gt;&lt;Dependency componentType="WebResource"/&gt;&lt;/Dependencies&gt;</DependencyXml>
      <IsCustomizable>1</IsCustomizable>
      <CanBeDeleted>1</CanBeDeleted>
      <IsHidden>0</IsHidden>
      <FileName>/WebResources/sav_scriptsMovingSquareGamejsAF3CFD57-A064-E811-A95B-000D3A33E0B1</FileName>
    </WebResource>
    <WebResource>
      <WebResourceId>{9343c04e-ae64-e811-a95b-000d3a33e0b1}</WebResourceId>
      <Name>sav_/WS/Clock.css</Name>
      <DisplayName>/WS/Clock.css</DisplayName>
      <WebResourceType>2</WebResourceType>
      <IntroducedVersion>1.0.0.0</IntroducedVersion>
      <IsEnabledForMobileClient>0</IsEnabledForMobileClient>
      <IsAvailableForMobileOffline>0</IsAvailableForMobileOffline>
      <DependencyXml>&lt;Dependencies&gt;&lt;Dependency componentType="WebResource"/&gt;&lt;/Dependencies&gt;</DependencyXml>
      <IsCustomizable>1</IsCustomizable>
      <CanBeDeleted>1</CanBeDeleted>
      <IsHidden>0</IsHidden>
      <FileName>/WebResources/sav_WSClockcss9343C04E-AE64-E811-A95B-000D3A33E0B1</FileName>
    </WebResource>
    <WebResource>
      <WebResourceId>{1ba8f55d-ae64-e811-a95b-000d3a33e0b1}</WebResourceId>
      <Name>sav_/WS/MovingSquareGame.css</Name>
      <DisplayName>/WS/MovingSquareGame.css</DisplayName>
      <WebResourceType>2</WebResourceType>
      <IntroducedVersion>1.0.0.0</IntroducedVersion>
      <IsEnabledForMobileClient>0</IsEnabledForMobileClient>
      <IsAvailableForMobileOffline>0</IsAvailableForMobileOffline>
      <DependencyXml>&lt;Dependencies&gt;&lt;Dependency componentType="WebResource"/&gt;&lt;/Dependencies&gt;</DependencyXml>
      <IsCustomizable>1</IsCustomizable>
      <CanBeDeleted>1</CanBeDeleted>
      <IsHidden>0</IsHidden>
      <FileName>/WebResources/sav_WSMovingSquareGamecss1BA8F55D-AE64-E811-A95B-000D3A33E0B1</FileName>
    </WebResource>
  </WebResources>
  <CustomControls />
  <EntityDataProviders />
  <Languages>
    <Language>1033</Language>
  </Languages>
</ImportExportXml>